{"count":1,"self":41.191929599999995,"total":47.744119,"children":{"InitializeActuators":{"count":2,"self":0.0029912999999999997,"total":0.0029912999999999997,"children":null},"InitializeSensors":{"count":2,"self":0.0019955999999999997,"total":0.0019955999999999997,"children":null},"AgentSendState":{"count":2100,"self":0.060763,"total":0.10756149999999999,"children":{"CollectObservations":{"count":840,"self":0.011927499999999999,"total":0.011927499999999999,"children":null},"WriteActionMask":{"count":840,"self":0.0049844999999999993,"total":0.0049844999999999993,"children":null},"RequestDecision":{"count":840,"self":0.0298865,"total":0.0298865,"children":null}}},"DecideAction":{"count":2100,"self":2.7272049999999997,"total":2.7272049999999997,"children":null},"AgentAct":{"count":2100,"self":3.709446,"total":3.709446,"children":null}},"gauges":{"Tiro2_5.CumulativeReward":{"count":802,"max":2,"min":1,"runningAverage":1.99501312,"value":2,"weightedAverage":1.99999976}},"metadata":{"timer_format_version":"0.1.0","start_time_seconds":"1639159164","unity_version":"2021.1.3f1","command_line_arguments":"C:\\Program Files\\Unity\\Hub\\Editor\\2021.1.3f1\\Editor\\Unity.exe -projectpath C:\/Users\/usuario\/Desktop\/Nova pasta (2)\/New Unity Project -useHub -hubIPC -cloudEnvironment production -hubSessionId 8eaf40d0-59dc-11ec-a2ea-15e847c2af05 -accessToken 7AvRMM9hb1oy-19lXA-x_Q-lX7xmcN4cCFtNIR0efaw004f","communication_protocol_version":"1.5.0","com.unity.ml-agents_version":"2.0.1","scene_name":"Cena 1","end_time_seconds":"1639159212"}}